Name of file,Caitlin,,,,,,,,,,,,,
Total metiers,12,,,,,,,,,,,,,
Number of catch metiers,5,,,,,,,,,,,,,
Fleet Names,MexCal_sard,PNW_Sard,Fish_Mack,Fish_Anch,Fish_Squid,ATM_sard,ATM_mack,ATM_Anch_1,ATM_Anch_2,RREAS_Anch,RELSSB_Anch,Surv_Squid,,
With TACS,1,1,1,1,1,0,0,0,0,0,0,0,,
Number of stocks,4,,,,,,,,,,,,,
Primary Species by fleet,1,1,2,3,4,,,,,,,,,
Use PGMSY,No,,,,,,,,,,,,,
,,,,,,,,,,,,,,
Details for each stock,,,,,,,,,,,,,,
Species Name,1,Sardine,,,,,,,,,,,,
Total fleets,3,,,,,,,,,,,,,
Fishery Fleets,2,,,,,,,,,,,,,
Linked species,1,,,,,,,,,,,,,
PGMSY Species,No,,,,,,,,,,,,,
,MexCal_sard,PNW_Sard,ATM_sard,,,,,,,,,,,
Map,1,2,5,,,,,,,,,,,Link to existing fleet
,MexCal_sard,PNW_Sard,Fish_Mack,Fish_Anch,Fish_Squid,ATM_sard,ATM_mack,ATM_Anch_1,ATM_Anch_2,RREAS_Anch,RELSSB_Anch,Surv_Squid,,
SelOrig,1,2,1,1,1,3,3,3,3,3,3,3,,
SelOrigEst,0,0,1,1,1,0,1,1,1,1,1,1,,
DataOrig,1,2,0,0,0,3,0,0,0,0,0,0,,
IndexOrig,1,2,0,0,0,3,0,0,0,0,0,0,,
1,1,0,0,0,0,,,,,,,,,
2,0,1,0,0,0,,,,,,,,,
Species Name,2,Mackerel,,,,,,,,,,,,
Total fleets,2,,,,,,,,,,,,,
Fishery Fleets,1,,,,,,,,,,,,,
Linked species,2,,,,,,,,,,,,,
PGMSY Species,No,,,,,,,,,,,,,
,Fish_Mack,ATM_mack,,,,,,,,,,,,
Map,3,6,,,,,,,,,,,,
,MexCal_sard,PNW_Sard,Fish_Mack,Fish_Anch,Fish_Squid,ATM_sard,ATM_mack,ATM_Anch_1,ATM_Anch_2,RREAS_Anch,RELSSB_Anch,Fish_Squid,,
SelOrig,1,1,1,1,1,2,2,2,2,2,2,2,,
SelOrigEst,0,1,1,1,1,0,2,2,2,2,2,2,,
DataOrig,1,0,0,0,0,2,0,0,0,0,0,0,,
IndexOrig,1,0,0,0,0,2,0,0,0,0,0,0,,
1,0,0,1,0,0,,,,,,,,,
Species Name,3,Anchovy,,,,,,,,,,,,
Total fleets,5,,,,,,,,,,,,,
Fishery Fleets,1,,,,,,,,,,,,,
Linked species,3,,,,,,,,,,,,,
PGMSY Species,No,,,,,,,,,,,,,
,Fish_Anch,ATM_Anch_1,ATM_Anch_2,RREAS_Anch,RELSSB_Anch,,,,,,,,,
Base,4,7,8,9,11,,,,,,,,,
,MexCal_sard,PNW_Sard,Fish_Mack,Fish_Anch,Fish_Squid,ATM_sard,ATM_mack,ATM_Anch_1,ATM_Anch_2,RREAS_Anch,RELSSB_Anch,Surv_Squid,,
SelOrig,1,1,1,1,1,2,2,2,3,4,5,5,,
SelOrigEst,0,1,1,1,1,0,2,2,2,0,0,5,,
DataOrig,0,0,0,1,0,0,0,2,3,4,5,0,,
IndexOrig,0,0,0,1,0,0,0,2,3,4,5,0,,
1,0,0,0,1,0,0,0,0,0,0,0,0,,
Species Name,4,Squid,,,,,,,,,,,,
Total fleets,2,,,,,,,,,,,,,
Fishery Fleets,2,,,,,,,,,,,,,
Linked species,2,,,,,,,,,,,,,
PGMSY Species,No,,,,,,,,,,,,,
,Fish_Squid,Fish_Squid,,,,,,,,,,,,
Base,4,12,,,,,,,,,,,,
,MexCal_sard,PNW_Sard,Fish_Mack,Fish_Anch,Fish_Squid,ATM_sard,ATM_mack,ATM_Anch_1,ATM_Anch_2,RREAS_Anch,RELSSB_Anch,Surv_Squid,,
SelOrig,1,1,1,1,1,2,2,2,2,2,2,2,,
SelOrigEst,0,1,1,1,1,0,2,2,2,2,2,2,,
DataOrig,0,0,0,1,0,0,0,0,0,0,0,2,,
IndexOrig,0,0,0,1,0,0,0,0,0,0,0,2,,
1,0,0,0,0,1,0,0,0,0,0,0,0,,
