D12,4,Sandbar shark,,,,,,,,,
2022,0.4255125,38.8088,0,0,0,27.91833,5.123211,3.435759,,,
2023,0.4255125,38.8088,0,0,0,27.91833,5.123211,3.435759,,,
2024,0.4255125,38.8088,0,0,0,27.91833,5.123211,3.435759,,,
2025,0.4255125,38.8088,0,0,0,27.91833,5.123211,3.435759,,,
D19,2,Gummy shark,,,,,,,,,
2024,0,15.45867,0,0,0,0.3489255,18.28375,292.5435,,,
2025,0,15.45867,0,0,0,0.3489255,18.28375,292.5435,,,
D21,2,Dusky shark,,,,,,,,,
2024,0.6986864,152.5875,0,0,0,3.559692,82.21242,35.02129,0,,
2025,0.6986864,152.5875,0,0,0,3.559692,82.21242,35.02129,0,,
D28,2,Whiskery shark,,,,,,,,,
2024,0.01042416,4.915897,0,0,0,2.44995,65.30908,95.71093,,,
2025,0,4.87139,0,0,0,2.025075,59.80569,99.0417,,,
C6,2,Pink Ling,,,,,,,,,
2024,309,172,0,0,0,0,,,,,
2025,309,172,0,0,0,0,,,,,
C9,2,Silver warehou,,,,,,,,,
2024,42.3,98.4,0,0,,,,,,,
2025,42.3,98.4,0,0,,,,,,,
C8,2,School Whiting,,,,,,,,,
2024,300,0,75,0,70,0,250,0,110,0,250
2025,300,0,75,0,70,0,250,0,110,0,250
C10,4,Tiger flathead,,,,,,,,,
2022,0,1075.075,844.698,270.3025,0,0,,,,,
2023,0,1075.075,844.698,270.3025,0,0,,,,,
2024,0,1075.075,844.698,270.3025,0,0,,,,,
2025,0,1075.075,844.698,270.3025,0,0,,,,,
C11,17,Mirror dory,,,,,,,,,
2009,217,70.8,,,,,,,,,
2010,217,70.8,,,,,,,,,
2011,217,70.8,,,,,,,,,
2012,217,70.8,,,,,,,,,
2013,217,70.8,,,,,,,,,
2014,217,70.8,,,,,,,,,
2015,217,70.8,,,,,,,,,
2016,217,70.8,,,,,,,,,
2017,217,70.8,,,,,,,,,
2018,217,70.8,,,,,,,,,
2019,217,70.8,,,,,,,,,
2020,217,70.8,,,,,,,,,
2021,217,70.8,,,,,,,,,
2022,217,70.8,,,,,,,,,
2023,217,70.8,,,,,,,,,
2024,217,70.8,,,,,,,,,
2025,217,70.8,,,,,,,,,
