Name of file,Multi0,,,,,,,,,,,,,,,,,,
Number of stocks,4,,,,,,,,,,,,,,,,,,
Total metiers,5,,,,,,,,,,,,,,,,,,
Number of catch metiers,5,,,,,,,,,,,,,,,,,,
Fleet Names,Etrawl,TasTrawl,NonTrawlOnbd,StTrawl,DSeine,,,,,,,,,,,,,,
With TACS,Yes,Yes,Yes,No,Yes,,,,,,,,,,,,,,
Primary Species by fleet (PGMSY),2,2,1,0,2,,,,,,,,,,,,,,
,Pink Ling,Tiger flathead,School whiting,Mirror dory,,,,,,,,,,,,,,,
Primary Species by species (PGMSY),0,0,1,0,,,,,,,,,,,,,,,
Primary Species by species (Indicator),0,0,0,2,,,,,,,,,,,,,,,
,,,,,,,,,,,,,,,,,,,
Details for each stock,,,,,,,,,,,,,,,,,,,
Species Name,6,Pink Ling,,,,,,,,,,,,,,,,,
Total fleets,6,,,,,,,,,,,,,,,,,,
Fishery Fleets,6,,,,,,,,,,,,,,,,,,
Last TAC,1,600,,,,,,,,,,,,,,,,,
Assessment Frequency,3,,,,,,,,,,,,,,,,,,
,TrawlOnbd,NonTrawlOnbd,TrawlPort,NonTrawlPort,FIS,Kapala,,,,,,,,,,,,,
Map,1,3,1,2,0,0,,Link between current fleets and metiers,,,,,,,,,,,
,Etrawl,TasTrawl,NonTrawlOnbd,StTrawl,DSeine,,,,,,,,,,,,,,
SelOrig,1,1,2,1,1,,,,,,,,,,,,,,
SelOrigEst,0,1,0,1,3,,,,,,,,,,,,,,
DataOrig,1,0,2,0,0,,,,,,,,,,,,,,
IndexOrig,1,0,2,0,0,,,,,,,,,,,,,,
1,90,10,0,0,0,,,Split of fleet 1 to final metiers,,,,,,,,,,,
2,0,0,1,0,0,,,Split of fleet 2 to final metiers,,,,,,,,,,,
3,90,10,0,0,0,,,,,,,,,,,,,,
4,0,0,1,0,0,,,,,,,,,,,,,,
5,1,0,0,0,0,,,,,,,,,,,,,,
6,1,0,0,0,0,,,,,,,,,,,,,,
Species Name,10,Tiger flathead,,,,,,,,,,,,,,,,,
Total fleets,16,,,,,,,,,,,,,,,,,,
Fishery Fleets,6,,,,,,,,,,,,,,,,,,
Last TAC,1,2200,,,,,,,,,,,,,,,,,
Assessment Frequency,3,,,,,,,,,,,,,,,,,,
,StTrawl,DSeine,ETrawl,TasTrawl,FISEast,FISTas,CPSTTrawl,CPOldDSeine,CPDSeine,CPETrawl,CPTasTrawl,CPFISEast,CPFISTas,DSeinePort,ETrawlPort,TasTrawlPort,,,
Map,4,5,1,2,1,0,0,0,0,0,0,0,0,2,3,4,,,
,Etrawl,TasTrawl,NonTrawlOnbd,StTrawl,DSeine,,,,,,,,,,,,,,
SelOrig,3,4,2,1,2,,,,,,,,,,,,,,
SelOrigEst,0,0,0,0,3,,,,,,,,,,,,,,
DataOrig,3,4,0,1,2,,,,,,,,,,,,,,
IndexOrig,10,11,0,7,9,,,,,,,,,,,,,,
1,0,0,0,1,0,,,,,,,,,,,,,,
2,0,0,0,0,1,,,,,,,,,,,,,,
3,1,0,0,0,0,,,,,,,,,,,,,,
4,0,1,0,0,0,,,,,,,,,,,,,,
5,1,0,0,0,0,,,,,,,,,,,,,,
6,1,0,0,0,0,,,,,,,,,,,,,,
Species Name,8,School whiting,,,,,,,,,,,,,,,,,
Total fleets,19,,,,,,,,,,,,,,,,,,
Fishery Fleets,11,,,,,,,,,,,,,,,,,,
Last TAC,1,1200,,,,,,,,,,,,,,,,,
Assessment Frequency,6,,,,,,,,,,,,,,,,,,
,VicDanSeineO,VicDanSeineP,CwlthTrawlO,CwlthTrawlP,NSWDanSeineP,NSWDanSeineO,NSWNthFishTwlO,NSWNthFishTwlP,PrawnTwlO,PrawnTwlP,NSWSthFishTwl,PVicDanSeine,PCTrawl,NSWDaSeine,NSWNthFishTwlMn,NSWNthFishTwlDy,PrawnTwlMn,PrawnTwlDy,NSWSthFishTwlDy
Base,5,5,1,1,5,5,1,1,1,1,1,,,,,,,,
,Etrawl,TasTrawl,NonTrawlOnbd,StTrawl,DSeine,,,,,,,,,,,,,,
SelOrig,3,3,1,3,1,,,,,,,,,,,,,,
SelOrigEst,0,1,0,1,3,,,,,,,,,,,,,,
DataOrig,2,0,12,0,13,,,,,,,,,,,,,,
IndexOrig,2,0,12,0,13,,,,,,,,,,,,,,
1,0,0,0,0,1,,,,,,,,,,,,,,
2,0,0,0,0,1,,,,,,,,,,,,,,
3,1,0,0,0,0,,,,,,,,,,,,,,
4,1,0,0,0,0,,,,,,,,,,,,,,
5,0,0,0,0,1,,,,,,,,,,,,,,
6,0,0,0,0,1,,,,,,,,,,,,,,
7,1,0,0,0,0,,,,,,,,,,,,,,
8,1,0,0,0,0,,,,,,,,,,,,,,
9,1,0,0,0,0,,,,,,,,,,,,,,
10,1,0,0,0,0,,,,,,,,,,,,,,
11,1,0,0,0,0,,,,,,,,,,,,,,
Species Name,11,Mirror dory,,,,,,,,,,,,,,,,,
Total fleets,2,,,,,,,,,,,,,,,,,,
Fishery Fleets,2,,,,,,,,,,,,,,,,,,
Last TAC,1,400,,,,,,,,,,,,,,,,,
Assessment Frequency,50,,,,,,,,,,,,,,,,,,
,ETrawl,WTrawl,,,,,,,,,,,,,,,,,
Base,1,1,,,,,,,,,,,,,,,,,
,Etrawl,TasTrawl,NonTrawlOnbd,StTrawl,DSeine,,,,,,,,,,,,,,
SelOrig,1,1,1,1,1,,,,,,,,,,,,,,
SelOrigEst,0,1,1,1,1,,,,,,,,,,,,,,
DataOrig,1,0,0,0,0,,,,,,,,,,,,,,
IndexOrig,1,0,0,0,0,,,,,,,,,,,,,,
1,1,0,0,0,0,,,,,,,,,,,,,,
2,1,0,0,0,0,,,,,,,,,,,,,,
