Name of file,Washark,,,,,,,,,,
Number of stocks,4,,,,,,,,,,
Total metiers,10,,,,,,,,,,
Number of catch metiers,9,,,,,,,,,,
Fleet Names,Northern.shark,Other,Southern.shark_1_West,Southern.shark_1_Zone1,Southern.shark_1_Zone2,Southern.shark_2_West,Southern.shark_2_Zone1,Southern.shark_2_Zone2,WRL,Survey,
With TACS,Yes,Yes,Yes,Yes,Yes,Yes,Yes,Yes,Yes,No,
Primary Species by fleet (PGMSY),1,1,1,1,1,1,1,1,2,2,
,Gummy,Dusky,Whiskery,Sandbar,,,,,,,
Primary Species by species (PGMSY),0,0,0,1,,,,,,,
Primary Species by species (Indicator),0,1,0,0,,,,,,,
,,,,,,,,,,,
Details for each stock,,,,,,,,,,,
Species Name,1,Gummy,,,,,,,,,
Total fleets,8,,,,,,,,,,
Fishery Fleets,8,,,,,,,,,,
Last TAC,1,900,,,,,,,,,1=Given; 2=Average; 3=Compute
Assessment Frequency,5,,,,,,,,,,
,Northern.shark,Other,Southern.shark_1_West,Southern.shark_1_Zone1,Southern.shark_1_Zone2,Southern.shark_2_West,Southern.shark_2_Zone1,Southern.shark_2_Zone2,WRL,Survey,
Map,1,2,3,4,5,6,7,9,0,0,
,Northern.shark,Other,Southern.shark_1_West,Southern.shark_1_Zone1,Southern.shark_1_Zone2,Southern.shark_2_West,Southern.shark_2_Zone1,Southern.shark_2_Zone2,WRL,Survey,
SelOrig,1,2,3,4,5,6,7,8,1,1,
SelOrigEst,0,0,0,0,0,0,0,0,1,1,
DataOrig,1,2,3,4,5,6,7,8,0,0,
IndexOrig,1,2,3,4,5,6,7,8,0,0,
1,1,0,0,0,0,0,0,0,0,,
2,0,1,0,0,0,0,0,0,0,,
3,0,0,1,0,0,0,0,0,0,,
4,0,0,0,1,0,0,0,0,0,,
5,0,0,0,0,1,0,0,0,0,,
6,0,0,0,0,0,1,0,0,0,,
7,0,0,0,0,0,0,1,0,0,,
8,0,0,0,0,0,0,0,1,0,,
Species Name,2,Dusky,,,,,,,,,
Total fleets,10,,,,,,,,,,
Fishery Fleets,9,,,,,,,,,,
Last TAC,1,2000,,,,,,,,,
Assessment Frequency,10,,,,,,,,,,
,Northern.shark,Other,Southern.shark_1_West,Southern.shark_1_Zone1,Southern.shark_1_Zone2,Southern.shark_2_West,Southern.shark_2_Zone1,Southern.shark_2_Zone2,WRL,Survey,
Map,1,2,3,4,5,6,7,8,9,10,
,Northern.shark,Other,Southern.shark_1_West,Southern.shark_1_Zone1,Southern.shark_1_Zone2,Southern.shark_2_West,Southern.shark_2_Zone1,Southern.shark_2_Zone2,WRL,Survey,
SelOrig,1,2,3,4,5,6,7,8,9,10,
SelOrigEst,0,0,0,0,0,0,0,0,0,0,
DataOrig,1,2,3,4,5,6,7,8,9,10,
IndexOrig,1,2,3,4,5,6,7,8,9,10,
1,1,0,0,0,0,0,0,0,0,,
2,0,1,0,0,0,0,0,0,0,,
3,0,0,1,0,0,0,0,0,0,,
4,0,0,0,1,0,0,0,0,0,,
5,0,0,0,0,1,0,0,0,0,,
6,0,0,0,0,0,1,0,0,0,,
7,0,0,0,0,0,0,1,0,0,,
8,0,0,0,0,0,0,0,1,0,,
9,0,0,0,0,0,0,0,0,1,,
Species Name,3,Whiskery,,,,,,,,,
Total fleets,8,,,,,,,,,,
Fishery Fleets,8,,,,,,,,,,
Last TAC,1,2000,,,,,,,,,
Assessment Frequency,15,,,,,,,,,,
,Northern.shark,Other,Southern.shark_1_West,Southern.shark_1_Zone1,Southern.shark_1_Zone2,Southern.shark_2_West,Southern.shark_2_Zone1,Southern.shark_2_Zone2,WRL,Survey,
Map,1,2,3,4,5,6,7,9,0,0,
,Northern.shark,Other,Southern.shark_1_West,Southern.shark_1_Zone1,Southern.shark_1_Zone2,Southern.shark_2_West,Southern.shark_2_Zone1,Southern.shark_2_Zone2,WRL,Survey,
SelOrig,1,2,3,4,5,6,7,8,1,1,
SelOrigEst,0,0,0,0,0,0,0,0,1,1,
DataOrig,1,2,3,4,5,6,7,8,0,0,
IndexOrig,1,2,3,4,5,6,7,8,0,0,
1,1,0,0,0,0,0,0,0,0,,
2,0,1,0,0,0,0,0,0,0,,
3,0,0,1,0,0,0,0,0,0,,
4,0,0,0,1,0,0,0,0,0,,
5,0,0,0,0,1,0,0,0,0,,
6,0,0,0,0,0,1,0,0,0,,
7,0,0,0,0,0,0,1,0,0,,
8,0,0,0,0,0,0,0,1,0,,
Species Name,4,Sandbar,,,,,,,,,
Total fleets,9,,,,,,,,,,
Fishery Fleets,8,,,,,,,,,,
Last TAC,1,2000,,,,,,,,,
Assessment Frequency,10,,,,,,,,,,
,Northern.shark,Other,Southern.shark_1_West,Southern.shark_1_Zone1,Southern.shark_1_Zone2,Southern.shark_2_West,Southern.shark_2_Zone1,Southern.shark_2_Zone2,Survey,,
Base,1,2,3,4,5,6,7,8,9,,
,Northern.shark,Other,Southern.shark_1_West,Southern.shark_1_Zone1,Southern.shark_1_Zone2,Southern.shark_2_West,Southern.shark_2_Zone1,Southern.shark_2_Zone2,WRL,Survey,
SelOrig,1,2,3,4,5,6,7,8,1,1,
SelOrigEst,0,0,0,0,0,0,0,0,1,1,
DataOrig,1,2,3,4,5,6,7,8,0,9,
IndexOrig,1,2,3,4,5,6,7,8,0,9,
1,1,0,0,0,0,0,0,0,0,,
2,0,1,0,0,0,0,0,0,0,,
3,0,0,1,0,0,0,0,0,0,,
4,0,0,0,1,0,0,0,0,0,,
5,0,0,0,0,1,0,0,0,0,,
6,0,0,0,0,0,1,0,0,0,,
7,0,0,0,0,0,0,1,0,0,,
8,0,0,0,0,0,0,0,1,0,,
